Too Much Coffee,SWMRS,Berkeley's On Fire,2019-05-01T18:44:04Z
Route to Misery,The Great Fuss,Root Thyself!,2019-04-30T15:42:56Z
Dazed & Amused,Aaron Taos,Birthday Boy,2019-04-17T18:26:00Z
From the Wave,Sail Into Night,Distill,2019-04-21T23:04:17Z
Stingray,Luke Noa,Stingray,2019-04-17T05:39:51Z
Dumbshit Never Learns,Walking Bicycles,Dumbshit Never Learns,2019-04-13T19:55:03Z
The Deep End,Lantern By Sea,The Deep End,2019-04-13T22:47:44Z
"St. Paul, MN",Matthew Pinder,"St. Paul, MN",2019-04-05T19:52:01Z
Strange Love,Low Hum,Strange Love,2019-04-04T18:50:33Z
Coquihalla,Tariq,Telegrams,2019-04-06T16:38:03Z
I Got Lost,The March Divide,"Distractions, Vol. 3",2019-04-11T16:04:59Z
Cabaret,The Hails,Cabaret,2019-04-10T17:25:27Z
Rapid,Demi Mitchell,Rapid,2019-04-10T18:27:35Z
Long Distance,Evan Thomas Way & The Phasers,Long Distance,2019-04-09T17:20:14Z
Odd Behaviour,Junodream,Odd Behaviour,2019-04-05T20:38:05Z
Lovers,KEØMA,Lovers,2019-04-03T05:08:00Z
Tired II,Wy,Tired II,2019-03-28T04:55:45Z
Blue Ridge Goodbyes,Edward + Jane,Blue Ridge Goodbyes,2019-03-27T04:33:37Z
Arms,Jon Wiilde,Arms,2019-03-26T19:25:25Z
Funeral Fire,Springstate,Funeral Fire,2019-03-25T18:02:57Z
Better Bitter,Verskotzi Francine Magee,Better Bitter,2019-03-22T18:30:58Z
Top of the Road,V TORRES,Top of the Road,2019-03-13T19:01:07Z
Slow Burn,Jenny Kern,Slow Burn,2019-03-06T22:07:45Z
Jose,The Currys,This Side of the Glass,2019-03-05T17:52:07Z
can’t calm down,Hand Habits,placeholder,2019-03-03T18:30:55Z
Proverbial Ice,Henry Hall,"Questions, Comments, Concerns",2019-02-28T00:28:26Z
Dream Life Forever,Reveries,Dream Life Forever,2019-02-27T19:20:19Z
Pretend,Sthlm Transit Club,Pretend,2019-02-27T08:04:13Z
Call You Mine,Frances Luke Accord,Silver & Gold,2019-02-23T17:29:25Z
God Damn,Cal Rifkin,God Damn,2019-02-22T22:20:26Z
Houdini,Mike Edel,Houdini,2019-02-17T16:53:18Z
Love Me,Westover,Love Me,2019-02-17T22:12:20Z
Be Alright,Enjune,Be Alright,2019-02-14T19:01:06Z
Dirt Mound,Owoso,Catfish,2019-02-18T03:32:55Z
Grow,The Day,Midnight Parade,2019-02-11T23:43:40Z
Spelling Lessons,Birch,Spelling Lessons,2019-02-09T17:34:37Z
Missile,Stop Motion Poetry,Missile,2019-02-09T08:01:40Z
Waves - Single Version,Spectator,Waves,2019-02-07T20:11:21Z
Group Manoeuvre II,Aerialists Emily Millard,Group Manoeuvre,2019-02-06T02:59:16Z
Alright,Yes Kid,Alright,2019-02-02T20:41:53Z
Daisychain,Holy Pinto,Daisychain,2019-01-31T22:42:07Z
Concrete,Weep Wave,S.A.D.,2019-01-27T22:19:16Z
Sock Options,monkeybars,Sock Options,2019-01-27T21:05:35Z
Paper Glass,ASHRR,Ashrr,2019-01-26T08:28:22Z
Forty Light Years,Lee Harvey Osmond,Mohawk,2019-01-26T03:41:05Z
Sepulveda Basin,Liily,Sepulveda Basin,2019-01-24T07:12:36Z
You Don't Mind,Airhockey,You Don't Mind,2019-01-23T20:43:14Z
Chicago,Caroline Lazar,Chicago,2019-01-23T07:20:22Z
Salvation,Adam Baldwin,Salvation,2019-01-23T03:20:05Z
Hulu TV,Leifer,Hulu TV,2019-01-22T21:11:51Z
Nomad Frays,James Ollier,The Nomad Frays EP,2019-01-21T03:35:18Z
Warm Animal,Sure Sure,Warm Animal,2019-01-19T19:12:19Z
no way !,Yot Club,aquarium,2019-01-19T09:23:56Z
Falling,Among The Acres,Falling,2019-01-17T20:22:22Z
Newborn,Set Sail,Good Vibes,2019-01-16T18:09:11Z
Triumph,The king heat ensemble,Songs,2019-01-17T21:21:23Z
Dispel,Mesa Luna,Dispel,2019-01-16T17:59:20Z
Learn To Let Go,Welshly Arms,Learn To Let Go,2019-01-15T19:33:55Z
Good Old Days,Vilnes,Good Old Days,2019-01-16T05:31:30Z
Whitewater,The Influencers,Whitewater,2019-01-16T09:55:14Z
So Long Ago,Ambein Sloth,So Long Ago,2019-01-15T18:15:06Z
Moral Fibre,Gold Spectacles,Moral Fibre,2019-01-10T22:33:42Z
A Quiet Night at Home,The Qualia,A Quiet Night at Home,2019-01-09T19:59:42Z
Look Right,Ryan Chernin,You Know Who You Are,2019-01-09T16:50:45Z
Surfer,Linden Row,The Montrose Sessions,2019-01-04T21:03:26Z
Dirty Girl,Cold Jackets,Dirty Girl,2019-01-04T18:08:09Z
Catch Me If You Can,Kelsy Karter,Catch Me If You Can,2019-01-01T00:06:35Z
Lucid Trail,The Gallerys,Lucid Trail,2019-01-04T18:57:22Z
The Ride,Catch a Dinosaur,The Ride,2019-01-02T16:47:24Z
Asleep Again,Coquí,Asleep Again,2019-01-02T17:54:44Z
I'm a Jelly,Brace! Brace!,Brace ! Brace !,2018-12-20T05:28:34Z
Annie,Hello Heartland Zebastian Swartz,Strange Entrapments,2018-12-16T22:48:54Z
Feelin',Brandon Hoogenboom,Feelin',2018-12-14T04:58:45Z
The Big One,No Aloha,The Big One,2018-12-13T17:45:30Z
The Middle,Katie Buchanan,The Middle,2018-12-12T20:38:31Z
Goodbye Louisiana,Rookin,Unionism,2018-12-11T19:29:51Z
Smoke,Five Islands,Smoke,2018-12-11T04:03:48Z
Burning Bed,La Corneille,Ghost Tracks I,2018-12-07T18:52:13Z
Feel Alone,Grand Pine,Feel Alone,2018-12-05T20:21:53Z
I'm Here,Freyr,I'm Here,2018-12-05T01:55:25Z
Do No Harm,Cold Weather Company,Do No Harm,2018-12-03T23:28:47Z
Angel Eyes,FUR,Angel Eyes,2018-12-01T19:41:38Z
Suddenly,NOAHS,AudioArena Originals: NOAHS,2018-11-30T18:06:55Z
Wander,Panorama Sound Pilar S,Memory Machine,2018-11-28T22:19:41Z
Favors,Mihaly,Favors,2018-11-28T19:35:22Z
I'll Be Fine,Hayes Peebles,I'll Be Fine,2018-11-26T18:07:15Z
She's the One,Love Montage,She's the One,2018-11-26T18:07:15Z
Start by Letting Go,Westrin & Mowry,Start by Letting Go,2018-11-26T18:07:15Z
Tell Me No,Grayson Erhard,Earthship,2018-11-26T18:07:15Z
Vos,Matthew Gordon Price,Vos,2018-11-26T18:07:15Z
Fade,Steven Dunn,Death,2018-11-26T18:07:15Z
Reminders,Kat Hamilton,The Grey Area,2018-11-26T18:07:15Z
Shades of Blue,Semler,Six Feet Under All the Same,2018-11-26T18:07:15Z
The Cold Heaven,Haggren Gravlund,The Cold Heaven,2018-11-26T18:07:15Z
Rome,Please Madame,Young Understanding,2018-11-26T18:07:15Z
The Right Place,KOATES,The Right Place,2018-11-26T18:07:15Z
Halloween in the USA,Cards Ryon's World,Halloween in the USA,2018-11-26T18:07:15Z
Apart From You,Sleeptalk,Apart From You,2018-11-26T18:07:15Z
Two Minutes to Paradise,Ambrose,Last Man Standing,2018-11-26T18:07:15Z
When the Blues Come to Town,The Tortoise the Hare and the Millionaire,The Tortoise the Hare and the Millionaire,2018-11-26T18:07:15Z
The Others,PHIBA,The Others,2018-11-26T18:07:15Z
Emerald Stones,Rolko,Emerald Stones,2018-11-26T18:07:15Z
Train Man,Desiree Cannon,Beach Sleeper,2018-11-26T18:07:15Z
Forester Drive,The Kelseys,Summer Light,2018-11-26T18:07:15Z
Georgia O'Keeffe,Suzy Callahan,Magic,2018-11-26T18:07:15Z
Silent Movies,Carter Vail,Silent Movies,2018-11-26T18:07:15Z
Head High,Sean Kolar,Head High,2018-11-26T18:07:15Z
World on Fire,NOAH,World on Fire,2018-11-26T18:07:15Z
Graffiti,Friends At The Falls,Graffiti,2018-11-26T18:07:15Z
Driving Away,Jong Sl,Driving Away,2018-11-26T18:07:15Z
31,Mike Edel,31,2018-11-26T18:07:15Z
Chasing Daylight,Eli Lev,Chasing Daylight,2018-11-26T18:07:15Z
Wasted on Sundays,Beth // James,Wasted on Sundays,2018-11-26T18:07:15Z
Minefield,Joe Traxler,Minefield,2018-11-26T18:07:15Z
Body Map,Clay Melton,Body Map,2018-11-26T18:07:15Z
Sweet Forsaken,Widespell,Sonder,2018-11-26T18:07:15Z
Move Me,Alice Temple,The End,2018-11-26T18:07:15Z
"Right Place, Right Time",Inspired & the Sleep,"Right Place, Right Time",2018-11-26T18:07:15Z
Ain't Coming Back,Colin Huntley Valentina,Ain't Coming Back,2018-11-26T18:07:15Z
Big Blue Sky,Holly Redford Jones,Big Blue Sky,2018-11-26T18:07:15Z
Satellite Towns,Wild Cat Strike,Satellite Towns,2018-11-26T18:07:15Z
Voodoo (Stripped),Aaron Taos,Voodoo (Stripped),2018-11-26T18:07:15Z
Crawl,Henry Chadwick,Crawl,2018-11-26T18:07:15Z
Working For Google,Hey Geronimo,Working For Google,2018-11-26T18:07:15Z
Another Hand,Brother Reverend,The Tables Turn Too Often,2018-11-26T18:07:15Z
The Real Work,Great Lake Swimmers,"The Waves, The Wake",2018-11-26T18:07:15Z
Already Home,Richard Walters,Already Home,2018-11-26T18:07:15Z
Spotlight Tonight,KellyMarie,Spotlight Tonight,2018-11-26T18:07:15Z
Don't Call Me,Dallas Dorsey,Dallas Dorsey,2018-11-26T18:07:15Z
If You Want to Die,Dialup Ghost,If You Want to Die,2018-11-26T18:07:15Z
Sometimes,P.M.Tiger,Sometimes,2018-11-26T18:07:15Z
A Fire from the Dark,Luke Sullivan Jones,A Fire from the Dark,2018-11-26T18:07:15Z
Vitamin D,Nah.,Vitamin D,2018-11-26T18:07:15Z
It Runs Wild,Oddnesse,It Runs Wild,2018-11-26T18:07:15Z
Breaking Up and Out,Joe Nolan,Breaking Up and Out,2018-11-26T18:07:15Z
Wash Her Out,Uh Oh Jiminy,Wash Her Out,2018-11-26T18:07:15Z
Don't Change,Shawn Pander,Memories 4 Sale,2018-11-26T18:07:15Z
Caroline,Raised on TV,Caroline,2018-11-26T18:07:15Z
"I Forgive You, Fuck Face",Mike Viola,The American Egypt,2018-11-26T18:07:15Z
Where You Are,Matt Spicer,Matt Spicer,2018-11-26T18:07:15Z
Light of Day,Jon Du,Light of Day,2018-11-26T18:07:15Z
Follow the Light,The River South,Follow the Light,2018-11-26T18:07:15Z
With Every Moment,The Shakes,With Every Moment,2018-11-26T18:07:15Z
Perfect,Ethan Hanna,Perfect,2018-11-26T18:07:15Z
I Come Around,Bruce,I Come Around,2018-11-26T18:07:15Z
Love (..As I Was Told),An Echoic,Headless Heathen,2018-11-26T18:07:15Z
Japanese Garden,Van El,Japanese Garden,2018-11-26T18:07:15Z
I'm Here,Sometimes Blind,Morning Light,2018-11-26T18:07:15Z
TRUE,Paul Federici,Relative Importance,2018-11-26T18:07:15Z
In the Evening,Westrin & Mowry,In the Evening,2018-11-26T18:07:15Z
Conversations,Angstbadan,Conversations,2018-11-26T18:07:15Z
Do You Wonder,Gertie Fox,Lost in Time (A Retrospective),2018-11-26T18:07:15Z
For the First Time,Modern Adventures,For the First Time,2018-11-26T18:07:15Z
Catch Your Eye,The Caracals,In the Dark,2018-11-26T18:07:15Z
Bubblegum,Witterquick,Bubblegum,2018-11-26T18:07:15Z
Machine,Djo Life,Machine,2018-11-26T18:07:15Z
Fever,Yellow Radio,Night Life,2018-11-26T18:07:15Z
Mexico,Jordan Ziskin,Mexico,2018-11-26T18:07:15Z
Stiffs and the Saints,Silent Feature,Stiffs and the Saints,2018-11-26T18:07:15Z
Magazine Face,Fionn,Magazine Face,2018-11-26T18:07:15Z
Jemima,Yellow Radio,Night Life,2018-11-26T18:07:15Z
Mississippi,Gabrielle Marlena,Easier Love,2018-11-26T18:07:15Z
Love Me Now,Ziggy Alberts,Love Me Now,2018-11-26T18:07:15Z
Day Job Guys,Bad Business,Day Job Guys,2018-11-26T18:07:15Z
Rich Man,Max García Conover spencer albee,Rich Man,2018-11-26T18:07:15Z
There's a Reason,Paul Federici,There's a Reason,2018-11-26T18:07:15Z
Carry Me Over,Sarah White,Carry Me Over,2018-11-26T18:07:15Z
Leave the Lights On,Echo Nebraska,Hold up to the Fire,2018-11-26T18:07:15Z
My Blue Heart,Coyle Girelli,My Blue Heart,2018-11-26T18:07:15Z
Sleep,Superego,Sleep,2018-11-26T18:07:15Z
Play Me a Song,Loren Cole,Play Me a Song,2018-11-26T18:07:15Z
Tell Me You Know,Good Kid,Tell Me You Know,2018-11-26T18:07:15Z
The Longest Line (Daniel),Timothy John Stafford,Letters from Lancaster Prison,2018-11-26T18:07:15Z
I Like Crashing My Car (Into Yours),The Nova Darlings,I Like Crashing My Car (Into Yours),2018-11-26T18:07:15Z
Flood,Treads,Dear Passion,2018-11-26T18:07:15Z
Fools,The Mooks,Fools,2018-11-26T18:07:15Z
Postcards,Evan Cline,Postcards,2018-11-26T18:07:15Z
S.O.S,Harry Carman,A State of Sedation,2018-11-26T18:07:15Z
Rockwell,Matt Cox,High Places,2018-11-26T18:07:15Z
Never Caught Your Name,Easy Ruckus,Tango,2018-11-26T18:07:15Z
To Joy (Revolution of the Innocents),Chris Whitley,Rocket House,2018-11-26T18:07:15Z
Across The Universe - Remix,Rufus Wainwright,Vibrate: The Best Of (Deluxe Edition),2018-11-26T18:07:15Z
Scattered Leaves,The Be Good Tanyas,Hello Love,2018-11-26T18:07:15Z
River Takes the Town,The Wood Brothers,One Drop of Truth,2018-11-26T18:07:15Z
Cold Beverage,G. Love & Special Sauce,The Best of G. Love and Special Sauce,2018-11-26T18:07:15Z
Thin Blue Flame,Josh Ritter,The Animal Years,2018-11-26T18:07:15Z
Supernova,Ray LaMontagne,Supernova,2018-11-26T18:07:15Z
"Goodnight, California",Kathleen Edwards,Asking For Flowers,2018-11-26T18:07:15Z
King Of California,Dave Alvin,King Of California,2018-11-26T18:07:15Z
St. Louise Is Listening,Soul Coughing,El Oso,2018-11-26T18:07:15Z
Scratch,Morphine,Yes,2018-11-26T18:07:15Z
Protection,Lucinda Williams,Down Where the Spirit Meets the Bone,2018-11-26T18:07:15Z
Starside,Spacehog,Resident Alien,2018-11-26T18:07:15Z
Who Makes Your Money,Spoon,Transference,2018-11-26T18:07:15Z
Ocean Breathes Salty,Modest Mouse,Good News For People Who Love Bad News,2018-11-26T18:07:15Z
Excuse Me While I Break My Own Heart Tonight - Strangers Almanac Album Version,Whiskeytown,Strangers Almanac,2018-11-26T18:07:15Z
I Wanna Be Your Dog,Uncle Tupelo,Uncle Tupelo 89/93: An Anthology,2018-11-26T18:07:15Z
Mercy Now,Mary Gauthier,Mercy Now,2018-11-26T18:07:15Z
Windfall - 2015 Remastered,Son Volt,Trace (Remastered),2018-11-26T18:07:15Z
Look at Miss Ohio,Gillian Welch,Soul Journey,2018-11-26T18:07:15Z
Wildflowers,The Wailin' Jennys,Fifteen,2018-11-26T18:07:15Z
Thorn In My Pride,The Black Crowes,The Southern Harmony And Musical Companion,2018-11-26T18:07:15Z
Snakes on Everything,Little Feat,Rad Gumbo: The Complete Warner Bros. Years 1971-1990,2018-11-26T18:07:15Z
Eagle Rock - 2011 Remaster,Daddy Cool,Daddy Who? Daddy Cool (40th Anniversary Edition),2018-11-26T18:07:15Z
Angel from Montgomery - Remastered,Bonnie Raitt,Streetlights,2018-11-26T18:07:15Z
Georgia Rain,Krister Axel,Swexico - EP,2019-01-04T18:22:42Z
Blues in Heaven,Joel Eckels,Blues in Heaven,2019-02-12T08:05:41Z
Sydney (I'll Come Running),Brett Dennen,Loverboy,2019-02-15T20:38:02Z
Keep It Low,Generationals,State Dogs: Singles 2017-18,2019-03-05T22:07:04Z