Drug in My Head,Binky,Drug in My Head,2019-05-02T17:14:42Z,,,,,,,,,Track ,Artist,Song,timestamp
Night Lights,Levi Hummon,Night Lights,2019-05-01T18:30:41Z,,,,,,,,,Drug in My Head,Binky,Drug in My Head,2019-05-02T17:14:42Z
Long Way Home,Luke Underhill,Illuminations,2019-05-01T16:50:13Z,,,,,,,,,Night Lights,Levi Hummon,Night Lights,2019-05-01T18:30:41Z
Blame It on the Roses,Elaine Cole,Blame It on the Roses,2019-04-16T17:42:04Z,,,,,,,,,Long Way Home,Luke Underhill,Illuminations,2019-05-01T16:50:13Z
Pouring Rain,Adam Winn,Roots,2019-04-28T16:56:20Z,,,,,,,,,Blame It on the Roses,Elaine Cole,Blame It on the Roses,2019-04-16T17:42:04Z
Extraordinary Girl,Jamie McDell,Extraordinary Girl,2019-04-26T18:30:14Z,,,,,,,,,Pouring Rain,Adam Winn,Roots,2019-04-28T16:56:20Z
Irish Hymn,The Brothers Reed,Caught in a Dream,2019-04-27T19:02:37Z,,,,,,,,,Extraordinary Girl,Jamie McDell,Extraordinary Girl,2019-04-26T18:30:14Z
Come Back Home,Olivae,Come Back Home,2019-04-24T19:26:56Z,,,,,,,,,Irish Hymn,The Brothers Reed,Caught in a Dream,2019-04-27T19:02:37Z
Eye on You,Lily Kincade,Eye on You,2019-04-27T04:35:35Z,,,,,,,,,Come Back Home,Olivae,Come Back Home,2019-04-24T19:26:56Z
The Dreams We Had,Sami Simon,Edges,2019-04-18T16:07:32Z,,,,,,,,,Eye on You,Lily Kincade,Eye on You,2019-04-27T04:35:35Z
Black and White,Christie Huff,Black and White,2019-04-18T06:38:53Z,,,,,,,,,The Dreams We Had,Sami Simon,Edges,2019-04-18T16:07:32Z
Bleeding Wine,Simon Linsteadt,The Fool,2019-04-24T15:33:01Z,,,,,,,,,Black and White,Christie Huff,Black and White,2019-04-18T06:38:53Z
I Do Believe It's Time,Jim van der Zee,I Do Believe It's Time,2019-04-20T21:09:25Z,,,,,,,,,Bleeding Wine,Simon Linsteadt,The Fool,2019-04-24T15:33:01Z
Blow My Cover,Ed Patrick,Blow My Cover,2019-04-17T17:31:04Z,,,,,,,,,I Do Believe It's Time,Jim van der Zee,I Do Believe It's Time,2019-04-20T21:09:25Z
Wait A Minute,Saintseneca,Wait A Minute,2019-04-15T19:17:45Z,,,,,,,,,Blow My Cover,Ed Patrick,Blow My Cover,2019-04-17T17:31:04Z
Cigarettes in the Rain,Vandoliers,Forever,2019-04-17T19:03:15Z,,,,,,,,,Wait A Minute,Saintseneca,Wait A Minute,2019-04-15T19:17:45Z
Steady (Here and in Between),The Crescent Sky,Steady (Here and in Between),2019-04-15T15:39:13Z,,,,,,,,,Cigarettes in the Rain,Vandoliers,Forever,2019-04-17T19:03:15Z
For the Record,Montana Modderman,For the Record,2019-04-14T04:38:35Z,,,,,,,,,Steady (Here and in Between),The Crescent Sky,Steady (Here and in Between),2019-04-15T15:39:13Z
Germany Turnaround,Flying Buffaloes,Germany Turnaround,2019-04-17T06:30:26Z,,,,,,,,,For the Record,Montana Modderman,For the Record,2019-04-14T04:38:35Z
Let's Remember,Looner,Fantasy World,2019-04-12T04:28:59Z,,,,,,,,,Germany Turnaround,Flying Buffaloes,Germany Turnaround,2019-04-17T06:30:26Z
Back to My Dream,Jade Naraine,Back to My Dream,2019-04-11T02:35:25Z,,,,,,,,,Let's Remember,Looner,Fantasy World,2019-04-12T04:28:59Z
Dark Beside the Dawn,Adam Baldwin,No Rest for the Wicked - EP,2019-04-11T16:14:01Z,,,,,,,,,Back to My Dream,Jade Naraine,Back to My Dream,2019-04-11T02:35:25Z
Fire Me Up,Maggie Baugh,Fire Me Up,2019-04-10T03:42:46Z,,,,,,,,,Dark Beside the Dawn,Adam Baldwin,No Rest for the Wicked - EP,2019-04-11T16:14:01Z
Hard Time,Tyler Key,Hard Time,2019-04-10T22:51:11Z,,,,,,,,,Fire Me Up,Maggie Baugh,Fire Me Up,2019-04-10T03:42:46Z
Ruthless,Peyton Gilliland,Ruthless,2019-04-10T05:07:54Z,,,,,,,,,Hard Time,Tyler Key,Hard Time,2019-04-10T22:51:11Z
Smokin' Cigarettes,Jess Kellie Adams,Smokin' Cigarettes,2019-04-06T16:27:41Z,,,,,,,,,Ruthless,Peyton Gilliland,Ruthless,2019-04-10T05:07:54Z
Stay Up,Mabaleka,Stay Up,2019-04-05T17:29:40Z,,,,,,,,,Smokin' Cigarettes,Jess Kellie Adams,Smokin' Cigarettes,2019-04-06T16:27:41Z
Grassy Trails,David Quinn,Wanderin' Fool,2019-04-05T15:54:29Z,,,,,,,,,Stay Up,Mabaleka,Stay Up,2019-04-05T17:29:40Z
The Meaning,JP Ruggieri,The Meaning,2018-12-03T19:08:05Z,,,,,,,,,Grassy Trails,David Quinn,Wanderin' Fool,2019-04-05T15:54:29Z
Feeling Snakey (Live),Tony Joe White,Live in Amsterdam,2019-04-09T22:39:54Z,,,,,,,,,The Meaning,JP Ruggieri,The Meaning,2018-12-03T19:08:05Z
Friday Nights,Andy Hughes The Mighty Few,Songs for Sunday,2019-03-30T16:19:46Z,,,,,,,,,Feeling Snakey (Live),Tony Joe White,Live in Amsterdam,2019-04-09T22:39:54Z
Rival,LANCO,Rival,2019-03-27T04:20:03Z,,,,,,,,,Friday Nights,Andy Hughes The Mighty Few,Songs for Sunday,2019-03-30T16:19:46Z
Home Away from Home,Ted Russell Kamp,Walkin' Shoes,2019-03-28T00:04:50Z,,,,,,,,,Rival,LANCO,Rival,2019-03-27T04:20:03Z
Back of a Truck,Ashleigh Rogers,Back of a Truck,2019-03-13T18:12:08Z,,,,,,,,,Home Away from Home,Ted Russell Kamp,Walkin' Shoes,2019-03-28T00:04:50Z
Caroline,Good Will Remedy,Caroline,2019-03-24T23:59:33Z,,,,,,,,,Back of a Truck,Ashleigh Rogers,Back of a Truck,2019-03-13T18:12:08Z
Picture On The Wall,Josh Steinhart,Howlin' At The Moon,2019-03-23T16:29:23Z,,,,,,,,,Caroline,Good Will Remedy,Caroline,2019-03-24T23:59:33Z
Don't Lie,Aubrie Lynn,Don't Lie,2019-03-19T17:54:18Z,,,,,,,,,Picture On The Wall,Josh Steinhart,Howlin' At The Moon,2019-03-23T16:29:23Z
Marching Song,Izzy Heltai,Marching Song,2019-03-18T17:43:44Z,,,,,,,,,Don't Lie,Aubrie Lynn,Don't Lie,2019-03-19T17:54:18Z
That's What You Get,Damhnait Doyle,That's What You Get,2019-03-13T05:49:04Z,,,,,,,,,Marching Song,Izzy Heltai,Marching Song,2019-03-18T17:43:44Z
Halfway in the Night,Trevor Stott,Halfway in the Night,2019-03-10T22:54:15Z,,,,,,,,,That's What You Get,Damhnait Doyle,That's What You Get,2019-03-13T05:49:04Z
Angel,Von Bieker,Angel,2019-03-05T00:24:20Z,,,,,,,,,Halfway in the Night,Trevor Stott,Halfway in the Night,2019-03-10T22:54:15Z
Colibri,Georgel,Colibri,2019-03-10T19:59:45Z,,,,,,,,,Angel,Von Bieker,Angel,2019-03-05T00:24:20Z
Reverie,Fanny Price,Reverie,2019-03-01T20:32:43Z,,,,,,,,,Colibri,Georgel,Colibri,2019-03-10T19:59:45Z
Lately,Geoff Gibbons,Lately,2019-02-28T05:23:56Z,,,,,,,,,Reverie,Fanny Price,Reverie,2019-03-01T20:32:43Z
This Little Town,The W Lovers,This Little Town,2019-02-28T18:19:40Z,,,,,,,,,Lately,Geoff Gibbons,Lately,2019-02-28T05:23:56Z
Howling at the Moon,Mac McDaniel,Howling at the Moon,2019-03-01T21:18:49Z,,,,,,,,,This Little Town,The W Lovers,This Little Town,2019-02-28T18:19:40Z
Chapter 3: The Hatchet,Jennah Bell,Anchors & Elephants,2019-02-27T08:18:18Z,,,,,,,,,Howling at the Moon,Mac McDaniel,Howling at the Moon,2019-03-01T21:18:49Z
Jackson Hole,Jud Hailey,Jackson Hole,2019-02-27T17:24:21Z,,,,,,,,,Chapter 3: The Hatchet,Jennah Bell,Anchors & Elephants,2019-02-27T08:18:18Z
Strangers,Cold California,Sunrise,2019-02-27T19:36:04Z,,,,,,,,,Jackson Hole,Jud Hailey,Jackson Hole,2019-02-27T17:24:21Z
This Road,DL Rossi,This Road,2019-02-23T20:27:15Z,,,,,,,,,Strangers,Cold California,Sunrise,2019-02-27T19:36:04Z
Meet Me on the Corner,Motel Mirrors,Gotta Lotta Rhythm,2019-02-22T16:58:00Z,,,,,,,,,This Road,DL Rossi,This Road,2019-02-23T20:27:15Z
Blue Town,Bleu Stroud,Blue Town,2019-02-20T05:16:20Z,,,,,,,,,Meet Me on the Corner,Motel Mirrors,Gotta Lotta Rhythm,2019-02-22T16:58:00Z
Rooks,Parkville,Rooks,2019-02-15T23:07:33Z,,,,,,,,,Blue Town,Bleu Stroud,Blue Town,2019-02-20T05:16:20Z
Less Than Positive,Michael Nau,Michael Nau & The Mighty Thread,2019-02-12T03:28:34Z,,,,,,,,,Rooks,Parkville,Rooks,2019-02-15T23:07:33Z
Nobody Knows I'm Here,Anna Rose,Nobody Knows I'm Here,2019-02-09T18:50:23Z,,,,,,,,,Less Than Positive,Michael Nau,Michael Nau & The Mighty Thread,2019-02-12T03:28:34Z
Hands on My Body,Mariya Stokes,Hands on My Body,2019-02-02T23:51:39Z,,,,,,,,,Nobody Knows I'm Here,Anna Rose,Nobody Knows I'm Here,2019-02-09T18:50:23Z
Make Your Mind Up,Royal Wood,Love Will Linger,2019-02-03T17:33:44Z,,,,,,,,,Hands on My Body,Mariya Stokes,Hands on My Body,2019-02-02T23:51:39Z
Every Little Thing,Cascade Crescendo,Every Little Thing,2019-02-01T20:26:11Z,,,,,,,,,Make Your Mind Up,Royal Wood,Love Will Linger,2019-02-03T17:33:44Z
Could Have Been Me,Baer Traa,Could Have Been Me,2019-02-01T17:32:40Z,,,,,,,,,Every Little Thing,Cascade Crescendo,Every Little Thing,2019-02-01T20:26:11Z
Jealous Girl,Grain Thief,Stardust Lodge,2019-01-31T22:44:32Z,,,,,,,,,Could Have Been Me,Baer Traa,Could Have Been Me,2019-02-01T17:32:40Z
Big Enough to Be a Mountain,Tiffany Williams,When You Go,2019-01-30T08:13:24Z,,,,,,,,,Jealous Girl,Grain Thief,Stardust Lodge,2019-01-31T22:44:32Z
Aimless as the Wind,Michael Askin,Aimless as the Wind,2019-01-30T09:29:31Z,,,,,,,,,Big Enough to Be a Mountain,Tiffany Williams,When You Go,2019-01-30T08:13:24Z
Working Girl,Joshua Ray Walker,Wish You Were Here,2019-01-25T07:20:48Z,,,,,,,,,Aimless as the Wind,Michael Askin,Aimless as the Wind,2019-01-30T09:29:31Z
Carry My Soul,Trevor Stott,Halfway in the Night,2019-01-24T01:17:13Z,,,,,,,,,Working Girl,Joshua Ray Walker,Wish You Were Here,2019-01-25T07:20:48Z
Patient,Levi Hummon,Patient EP,2019-01-22T20:54:05Z,,,,,,,,,Carry My Soul,Trevor Stott,Halfway in the Night,2019-01-24T01:17:13Z
Blue Earth County,Silver Lake 66,Blue Earth County,2019-01-30T19:18:00Z,,,,,,,,,Patient,Levi Hummon,Patient EP,2019-01-22T20:54:05Z
Invenire Te,James Of Mosaics,Young,2019-01-17T05:27:25Z,,,,,,,,,Blue Earth County,Silver Lake 66,Blue Earth County,2019-01-30T19:18:00Z
Goodbye for Good,Cliffs and Caves,Goodbye for Good,2019-01-09T18:32:43Z,,,,,,,,,Invenire Te,James Of Mosaics,Young,2019-01-17T05:27:25Z
American Dream,Sons of New York,American Dream,2019-01-11T22:11:25Z,,,,,,,,,Goodbye for Good,Cliffs and Caves,Goodbye for Good,2019-01-09T18:32:43Z
Another Drink or Two,Izzy Miller,Precipice,2019-01-16T18:18:10Z,,,,,,,,,American Dream,Sons of New York,American Dream,2019-01-11T22:11:25Z
High Proof Remedy,Rustyn Vaughn Lee,High Proof Remedy,2019-01-10T04:28:03Z,,,,,,,,,Another Drink or Two,Izzy Miller,Precipice,2019-01-16T18:18:10Z
Mine,The Starlings,Mine,2019-01-09T17:44:09Z,,,,,,,,,High Proof Remedy,Rustyn Vaughn Lee,High Proof Remedy,2019-01-10T04:28:03Z
Good as Good May Be,Mike Munson,Rose Hill,2019-01-08T06:52:09Z,,,,,,,,,Mine,The Starlings,Mine,2019-01-09T17:44:09Z
Indiana,Saddlemen,Indiana,2019-01-05T20:10:19Z,,,,,,,,,Good as Good May Be,Mike Munson,Rose Hill,2019-01-08T06:52:09Z
Cleaned Out,Storängen,Cleaned Out,2019-01-04T20:07:14Z,,,,,,,,,Indiana,Saddlemen,Indiana,2019-01-05T20:10:19Z
Sunny Side,Ben Leece,No Wonder The World Is Exhausted,2018-12-17T23:23:09Z,,,,,,,,,Cleaned Out,Storängen,Cleaned Out,2019-01-04T20:07:14Z
Go on and Leave Me,Nate Fredrick,Go on and Leave Me,2018-12-06T17:29:42Z,,,,,,,,,Sunny Side,Ben Leece,No Wonder The World Is Exhausted,2018-12-17T23:23:09Z
Just Jive,Robert Connely Farr & the Rebeltone Boys,Dirty South Blues,2018-12-15T19:08:09Z,,,,,,,,,Go on and Leave Me,Nate Fredrick,Go on and Leave Me,2018-12-06T17:29:42Z
How Long 'Til I Lose You,Tyler Hilton,How Long 'Til I Lose You,2018-12-14T17:55:32Z,,,,,,,,,Just Jive,Robert Connely Farr & the Rebeltone Boys,Dirty South Blues,2018-12-15T19:08:09Z
Caroline,Lizanne Knott,Sunset Avenue Sessions,2018-12-13T20:42:02Z,,,,,,,,,How Long 'Til I Lose You,Tyler Hilton,How Long 'Til I Lose You,2018-12-14T17:55:32Z
Stepping Stones,Dani Young,Stepping Stones,2018-12-10T16:58:23Z,,,,,,,,,Caroline,Lizanne Knott,Sunset Avenue Sessions,2018-12-13T20:42:02Z
Leave Your Love,Curtis Lee,Leave Your Love,2018-12-10T16:40:19Z,,,,,,,,,Stepping Stones,Dani Young,Stepping Stones,2018-12-10T16:58:23Z
Just Getting to Know You - Acoustic Live,My Brothers And I,Heartbeat (acoustic Live),2018-12-08T18:40:41Z,,,,,,,,,Leave Your Love,Curtis Lee,Leave Your Love,2018-12-10T16:40:19Z
Take Care of Me,Cooper Greenberg,Dream Sequence,2018-12-08T17:48:16Z,,,,,,,,,Just Getting to Know You - Acoustic Live,My Brothers And I,Heartbeat (acoustic Live),2018-12-08T18:40:41Z
Rolling Stone,Josh Del,Rolling Stone,2018-12-04T19:14:10Z,,,,,,,,,Take Care of Me,Cooper Greenberg,Dream Sequence,2018-12-08T17:48:16Z
Feeling Good,TORA,Feeling Good,2018-12-02T18:50:56Z,,,,,,,,,Rolling Stone,Josh Del,Rolling Stone,2018-12-04T19:14:10Z
Lowly People,Jack Tinner,Lowly People,2018-12-01T06:00:55Z,,,,,,,,,Feeling Good,TORA,Feeling Good,2018-12-02T18:50:56Z
Are You Happy?,Foreverinmotion,How Is Your Heart?,2018-11-28T23:02:59Z,,,,,,,,,Lowly People,Jack Tinner,Lowly People,2018-12-01T06:00:55Z
Wild Child,Brianna Kocka,Dreamlife,2018-11-28T22:57:44Z,,,,,,,,,Are You Happy?,Foreverinmotion,How Is Your Heart?,2018-11-28T23:02:59Z
There Ain't No Love in Your Love,James Maddock,"If It Ain't Fixed, Don't Break It",2018-11-28T18:36:12Z,,,,,,,,,Wild Child,Brianna Kocka,Dreamlife,2018-11-28T22:57:44Z
That's the Way,Matt Campbell,The Man With Everything,2018-11-27T18:26:59Z,,,,,,,,,There Ain't No Love in Your Love,James Maddock,"If It Ain't Fixed, Don't Break It",2018-11-28T18:36:12Z
High in the Valley,Dominique Pruitt,High in the Valley,2018-11-27T18:26:59Z,,,,,,,,,That's the Way,Matt Campbell,The Man With Everything,2018-11-27T18:26:59Z
Half Way Down,Kris Gruen The Bones of J.R. Jones,Half Way Down,2018-11-27T18:26:59Z,,,,,,,,,High in the Valley,Dominique Pruitt,High in the Valley,2018-11-27T18:26:59Z
Tunnel at the End of the Light,Jason Saltiel,Tunnel at the End of the Light,2018-11-27T18:26:59Z,,,,,,,,,Half Way Down,Kris Gruen The Bones of J.R. Jones,Half Way Down,2018-11-27T18:26:59Z
Face the World,Brandon Jenner,Face the World,2018-11-27T18:26:59Z,,,,,,,,,Tunnel at the End of the Light,Jason Saltiel,Tunnel at the End of the Light,2018-11-27T18:26:59Z
Cold,Liv Gibson,Cold,2018-11-27T18:26:59Z,,,,,,,,,Face the World,Brandon Jenner,Face the World,2018-11-27T18:26:59Z
Origin Story,Alidade,Origin Story,2018-11-27T18:26:59Z,,,,,,,,,Cold,Liv Gibson,Cold,2018-11-27T18:26:59Z
Another Long Goodbye,Nena Anderson,Lonesome Nights,2018-11-27T18:26:59Z,,,,,,,,,Origin Story,Alidade,Origin Story,2018-11-27T18:26:59Z
Talking to a Stranger,Kazyak,Reflection,2018-11-27T18:26:59Z,,,,,,,,,Another Long Goodbye,Nena Anderson,Lonesome Nights,2018-11-27T18:26:59Z
Fall in Bed,JD Clayton,Smoke out the Fire,2018-11-27T18:26:59Z,,,,,,,,,Talking to a Stranger,Kazyak,Reflection,2018-11-27T18:26:59Z
San Francisco Girl,Mighty Joe Nolan,Plain Jane 20th Anniversary Edition,2018-11-27T18:26:59Z,,,,,,,,,Fall in Bed,JD Clayton,Smoke out the Fire,2018-11-27T18:26:59Z
Come Cry,Sam & Julia,Come Cry,2018-11-27T18:26:59Z,,,,,,,,,San Francisco Girl,Mighty Joe Nolan,Plain Jane 20th Anniversary Edition,2018-11-27T18:26:59Z
Close My Eyes,Denny Strickland,California Dreamin,2018-11-27T18:26:59Z,,,,,,,,,Come Cry,Sam & Julia,Come Cry,2018-11-27T18:26:59Z
Mountain Momma,davidxrussell Loretta Lynn,It’s All For Her,2018-11-27T18:26:59Z,,,,,,,,,Close My Eyes,Denny Strickland,California Dreamin,2018-11-27T18:26:59Z
Somewhere Down the Line,Fairground Saints,Somewhere Down the Line,2018-11-27T18:26:59Z,,,,,,,,,Mountain Momma,davidxrussell Loretta Lynn,It’s All For Her,2018-11-27T18:26:59Z
Heat,Kyle Clark,Heat,2018-11-27T18:26:59Z,,,,,,,,,Somewhere Down the Line,Fairground Saints,Somewhere Down the Line,2018-11-27T18:26:59Z
Northern Sky,Catty Pearson,Time Tells Me,2018-11-27T18:26:59Z,,,,,,,,,Heat,Kyle Clark,Heat,2018-11-27T18:26:59Z
Glass,SnugHouse,Like Water,2018-11-27T18:26:59Z,,,,,,,,,Northern Sky,Catty Pearson,Time Tells Me,2018-11-27T18:26:59Z
Darling,Rachel Raquel,Darling,2018-11-27T18:26:59Z,,,,,,,,,Glass,SnugHouse,Like Water,2018-11-27T18:26:59Z
Strangers Again,Alexander Wren,Assorted Love Songs - EP,2018-11-27T18:26:59Z,,,,,,,,,Darling,Rachel Raquel,Darling,2018-11-27T18:26:59Z
Tennessee Sun,The Kernal,LIGHT COUNTRY,2018-11-27T18:26:59Z,,,,,,,,,Strangers Again,Alexander Wren,Assorted Love Songs - EP,2018-11-27T18:26:59Z
Father's Land,Jae Jin,Letters and Drinks,2018-11-27T18:26:59Z,,,,,,,,,Tennessee Sun,The Kernal,LIGHT COUNTRY,2018-11-27T18:26:59Z
Good Love,Chase McBride,Good Love,2018-11-27T18:26:59Z,,,,,,,,,Father's Land,Jae Jin,Letters and Drinks,2018-11-27T18:26:59Z
Bonnie and Clyde,Bo Armstrong,Where We Are,2018-11-27T18:26:59Z,,,,,,,,,Good Love,Chase McBride,Good Love,2018-11-27T18:26:59Z
Before I Knew,Colton Venner,Before I Knew,2018-11-27T18:26:59Z,,,,,,,,,Bonnie and Clyde,Bo Armstrong,Where We Are,2018-11-27T18:26:59Z
It Was a Lie,Mark Anthony Burke,Mark Anthony Burke,2018-11-27T18:26:59Z,,,,,,,,,Before I Knew,Colton Venner,Before I Knew,2018-11-27T18:26:59Z
Ocean Eyes,The Burney Sisters,Ocean Eyes,2018-11-27T18:26:59Z,,,,,,,,,It Was a Lie,Mark Anthony Burke,Mark Anthony Burke,2018-11-27T18:26:59Z
Sunday Song,James Houlahan,Sunday Song,2018-11-27T18:26:59Z,,,,,,,,,Ocean Eyes,The Burney Sisters,Ocean Eyes,2018-11-27T18:26:59Z
Another Day,Gulf Stream Riders,Another Day,2018-11-27T18:26:59Z,,,,,,,,,Sunday Song,James Houlahan,Sunday Song,2018-11-27T18:26:59Z
Don't Blame Me,Jacob McCoy,Don't Blame Me,2018-11-27T18:26:59Z,,,,,,,,,Another Day,Gulf Stream Riders,Another Day,2018-11-27T18:26:59Z
Golden Lonesome,Glorietta Noah Gundersen,Glorietta,2018-11-27T18:26:59Z,,,,,,,,,Don't Blame Me,Jacob McCoy,Don't Blame Me,2018-11-27T18:26:59Z
The Hurting Kind,K.J. O'Hara,The Hurting Kind,2018-11-27T18:26:59Z,,,,,,,,,Golden Lonesome,Glorietta Noah Gundersen,Glorietta,2018-11-27T18:26:59Z
The Cold Side,Colton Venner,The Cold Side,2018-11-27T18:26:59Z,,,,,,,,,The Hurting Kind,K.J. O'Hara,The Hurting Kind,2018-11-27T18:26:59Z
A Thousand Times,Moses Cadillac,A Thousand Times,2018-11-27T18:26:59Z,,,,,,,,,The Cold Side,Colton Venner,The Cold Side,2018-11-27T18:26:59Z
Left for Dead,Gracie Hays,Not for You,2018-11-27T18:26:59Z,,,,,,,,,A Thousand Times,Moses Cadillac,A Thousand Times,2018-11-27T18:26:59Z
Bye to My Baby,The Belleregards,East to West,2018-11-27T18:26:59Z,,,,,,,,,Left for Dead,Gracie Hays,Not for You,2018-11-27T18:26:59Z
Our Love May Go Away,Bartells,Our Love May Go Away,2018-11-27T18:26:59Z,,,,,,,,,Bye to My Baby,The Belleregards,East to West,2018-11-27T18:26:59Z
Heavy Eyes,Brothers Fortune,Heavy Eyes,2018-11-27T18:26:59Z,,,,,,,,,Our Love May Go Away,Bartells,Our Love May Go Away,2018-11-27T18:26:59Z
Laid Back,Rayne Johnson,Laid Back,2018-11-27T18:26:59Z,,,,,,,,,Heavy Eyes,Brothers Fortune,Heavy Eyes,2018-11-27T18:26:59Z
Abilene,Coco O'Connor,This Ol’ War,2018-11-27T18:26:59Z,,,,,,,,,Laid Back,Rayne Johnson,Laid Back,2018-11-27T18:26:59Z
The Last American,Ryan Culwell,The Last American,2018-11-27T18:26:59Z,,,,,,,,,Abilene,Coco O'Connor,This Ol’ War,2018-11-27T18:26:59Z
Tennessee,Gracie Day,Tennessee,2018-11-27T18:26:59Z,,,,,,,,,The Last American,Ryan Culwell,The Last American,2018-11-27T18:26:59Z
Nashville Man,Mick Mullin,Nashville Man,2018-11-27T18:26:59Z,,,,,,,,,Tennessee,Gracie Day,Tennessee,2018-11-27T18:26:59Z
The Cold Hard Truth,Charlie Smyth,The Cold Hard Truth,2018-11-27T18:26:59Z,,,,,,,,,Nashville Man,Mick Mullin,Nashville Man,2018-11-27T18:26:59Z
Colorado,Ben Grace Molly Parden,Colorado,2018-11-27T18:26:59Z,,,,,,,,,The Cold Hard Truth,Charlie Smyth,The Cold Hard Truth,2018-11-27T18:26:59Z
Hit the Ground,Matt Epp,Shadowlands,2018-11-27T18:26:59Z,,,,,,,,,Colorado,Ben Grace Molly Parden,Colorado,2018-11-27T18:26:59Z
Stay With Me,Mark Ian Rocket Man Sabrina Purdy,Stay With Me,2018-11-27T18:26:59Z,,,,,,,,,Hit the Ground,Matt Epp,Shadowlands,2018-11-27T18:26:59Z
Ditches,Lyman Ellerman,Ditches,2018-11-27T18:26:59Z,,,,,,,,,Stay With Me,Mark Ian Rocket Man Sabrina Purdy,Stay With Me,2018-11-27T18:26:59Z
This Is the Stuff,BROWN & GRAY,Salt in the Coffee,2018-11-27T18:26:59Z,,,,,,,,,Ditches,Lyman Ellerman,Ditches,2018-11-27T18:26:59Z
Revenge,Kady Z,Revenge,2018-11-27T18:26:59Z,,,,,,,,,This Is the Stuff,BROWN & GRAY,Salt in the Coffee,2018-11-27T18:26:59Z
Free - Greatest Hits Version,Zac Brown Band,Greatest Hits So Far...,2018-11-27T18:26:59Z,,,,,,,,,Revenge,Kady Z,Revenge,2018-11-27T18:26:59Z
All On Me - Recorded at Spotify Studios NYC,Devin Dawson,Spotify Singles,2018-11-27T18:26:59Z,,,,,,,,,Free - Greatest Hits Version,Zac Brown Band,Greatest Hits So Far...,2018-11-27T18:26:59Z
Speed Trap Town,Jason Isbell,Something More Than Free,2018-11-27T18:26:59Z,,,,,,,,,All On Me - Recorded at Spotify Studios NYC,Devin Dawson,Spotify Singles,2018-11-27T18:26:59Z
Powerful Stuff,Rascal Flatts,Rewind,2018-11-27T18:26:59Z,,,,,,,,,Speed Trap Town,Jason Isbell,Something More Than Free,2018-11-27T18:26:59Z
Night On Our Side,Little Big Town,The Breaker,2018-11-27T18:26:59Z,,,,,,,,,Powerful Stuff,Rascal Flatts,Rewind,2018-11-27T18:26:59Z
Keeper of the Flame - Radio Edit,Miranda Lambert,Keeper of the Flame (Radio Edit),2018-11-27T18:26:59Z,,,,,,,,,Night On Our Side,Little Big Town,The Breaker,2018-11-27T18:26:59Z
Being Pretty Ain't Pretty,Pistol Annies,Annie Up,2018-11-27T18:26:59Z,,,,,,,,,Keeper of the Flame - Radio Edit,Miranda Lambert,Keeper of the Flame (Radio Edit),2018-11-27T18:26:59Z
Incredible Machine,Sugarland,The Incredible Machine,2018-11-27T18:26:59Z,,,,,,,,,Being Pretty Ain't Pretty,Pistol Annies,Annie Up,2018-11-27T18:26:59Z
Nobody but You,Gloriana,Three,2018-11-27T18:26:59Z,,,,,,,,,Incredible Machine,Sugarland,The Incredible Machine,2018-11-27T18:26:59Z
The Clothes Don't Make The Man,Keith Anderson,Three Chord Country and American Rock & Roll,2018-11-27T18:26:59Z,,,,,,,,,Nobody but You,Gloriana,Three,2018-11-27T18:26:59Z
Family,Rodney Atkins,Take A Back Road,2018-11-27T18:26:59Z,,,,,,,,,The Clothes Don't Make The Man,Keith Anderson,Three Chord Country and American Rock & Roll,2018-11-27T18:26:59Z
Springsteen,Eric Church,Chief,2018-11-27T18:26:59Z,,,,,,,,,Family,Rodney Atkins,Take A Back Road,2018-11-27T18:26:59Z
Follow Your Arrow,Kacey Musgraves,Same Trailer Different Park,2018-11-27T18:26:59Z,,,,,,,,,Springsteen,Eric Church,Chief,2018-11-27T18:26:59Z
Summerland,Florida Georgia Line,Dig Your Roots,2018-11-27T18:26:59Z,,,,,,,,,Follow Your Arrow,Kacey Musgraves,Same Trailer Different Park,2018-11-27T18:26:59Z
Kiss Me One More Time,Easton Corbin,About To Get Real,2018-11-27T18:26:59Z,,,,,,,,,Summerland,Florida Georgia Line,Dig Your Roots,2018-11-27T18:26:59Z
See You Try,Craig Campbell,See You Try,2018-11-27T18:26:59Z,,,,,,,,,Kiss Me One More Time,Easton Corbin,About To Get Real,2018-11-27T18:26:59Z
Wildflower,the JaneDear girls,the JaneDear girls,2018-11-27T18:26:59Z,,,,,,,,,See You Try,Craig Campbell,See You Try,2018-11-27T18:26:59Z
Where's Tammy Wynette,Kellie Pickler,100 Proof,2018-11-27T18:26:59Z,,,,,,,,,Wildflower,the JaneDear girls,the JaneDear girls,2018-11-27T18:26:59Z
Hands On You,Ashley Monroe,Sparrow,2018-11-27T18:26:59Z,,,,,,,,,Where's Tammy Wynette,Kellie Pickler,100 Proof,2018-11-27T18:26:59Z
Dammit,Jana Kramer,Dammit,2018-11-27T18:26:59Z,,,,,,,,,Hands On You,Ashley Monroe,Sparrow,2018-11-27T18:26:59Z
Wagon Wheel,Darius Rucker Lady Antebellum,True Believers,2018-11-27T18:26:59Z,,,,,,,,,Dammit,Jana Kramer,Dammit,2018-11-27T18:26:59Z
Wings Of An Angel,Lauren Alaina,Forever My Girl (Music From And Inspired By The Motion Picture),2018-11-27T18:26:59Z,,,,,,,,,Wagon Wheel,Darius Rucker Lady Antebellum,True Believers,2018-11-27T18:26:59Z
Smokin' And Cryin',Alex Roe,Forever My Girl (Music From And Inspired By The Motion Picture),2018-11-27T18:26:59Z,,,,,,,,,Wings Of An Angel,Lauren Alaina,Forever My Girl (Music From And Inspired By The Motion Picture),2018-11-27T18:26:59Z
Queens Don't,RaeLynn,Queens Don't,2018-11-27T18:26:59Z,,,,,,,,,Smokin' And Cryin',Alex Roe,Forever My Girl (Music From And Inspired By The Motion Picture),2018-11-27T18:26:59Z
Mama's Kitchen Table,Walker McGuire,Mama's Kitchen Table,2018-11-27T18:26:59Z,,,,,,,,,Queens Don't,RaeLynn,Queens Don't,2018-11-27T18:26:59Z
Roses,Kelsea Ballerini,Unapologetically (Deluxe Edition),2018-11-27T18:26:59Z,,,,,,,,,Mama's Kitchen Table,Walker McGuire,Mama's Kitchen Table,2018-11-27T18:26:59Z
Girl In A Country Song,Maddie & Tae,Start Here,2018-11-27T18:26:59Z,,,,,,,,,Roses,Kelsea Ballerini,Unapologetically (Deluxe Edition),2018-11-27T18:26:59Z
Can't Wait For The Weekend,Love and Theft,Whiskey On My Breath,2018-11-27T18:26:59Z,,,,,,,,,Girl In A Country Song,Maddie & Tae,Start Here,2018-11-27T18:26:59Z
I Wanna Be That Feeling,Bucky Covington,Good Guys,2018-11-27T18:26:59Z,,,,,,,,,Can't Wait For The Weekend,Love and Theft,Whiskey On My Breath,2018-11-27T18:26:59Z
The River Will,The Lowest Pair,Fern Girl and Ice Man,2019-03-14T02:28:46Z,,,,,,,,,I Wanna Be That Feeling,Bucky Covington,Good Guys,2018-11-27T18:26:59Z
,,,,,,,,,,,,The River Will,The Lowest Pair,Fern Girl and Ice Man,2019-03-14T02:28:46Z