Track ,Artist,Song,timestamp
Pushing 21,Liv Dawson,Pushing 21,2019-05-02T18:16:57Z
Error 404,L'Impératrice,Matahari,2019-05-01T18:34:02Z
Let Him Go,Luca Vasta,Let Him Go,2019-04-30T17:11:26Z
See Thru It,Maiah Manser,See Thru It,2019-04-27T18:44:33Z
Daydream,Sara Kendall,Daydream,2019-04-26T18:15:03Z
Magic,IRO Avi Snow,Magic,2019-04-21T06:23:03Z
Home,Jerad Finck,Home,2019-04-17T16:20:47Z
Conscience,Jacob Lee,Conscience,2019-04-17T04:39:04Z
Cali Boy,EMM,Cali Boy,2019-04-12T18:28:09Z
Electric Rhythm,Township,Electric Rhythm,2019-04-14T20:04:43Z
Waiting Tables,Fly By Midnight,Waiting Tables,2019-04-12T15:13:09Z
Fever,Monako Davis Mary Ives,Fever,2019-04-10T18:20:45Z
Change My Mind,Abby Wolfe,Change My Mind,2019-04-10T02:56:59Z
Kids - Zack Martino Remix,Franke,Kids (Zack Martino Remix),2019-04-06T16:50:23Z
Full Stop,Folly Rae,Full Stop,2019-04-05T02:07:23Z
Only Want You,Rita Ora,Phoenix (Deluxe),2019-04-03T16:58:25Z
Walk The Line,Micky James,Walk The Line,2019-04-03T16:34:31Z
BTW,Shaylen,BTW,2019-04-03T05:33:19Z
Fool For You,Rén with the Mane,Fool For You,2019-04-02T15:53:41Z
Kalli Nights,Jake Knox,Kalli Nights,2019-03-30T19:51:45Z
Get Weird,Liimo Lizzy Land,Get Weird,2019-03-29T16:04:36Z
How Did I Get Here,Martika,How Did I Get Here,2019-03-29T07:19:24Z
SIDEWINDER,Cautious Clay,Table of Context,2019-03-27T21:54:50Z
Carry a Light,CIVILIANA,Carry a Light,2019-03-28T03:51:47Z
Win,Nasty Cherry,Win,2019-03-24T23:05:42Z
Warm Blooded,Keelan Mak,Warm Blooded,2019-03-20T21:11:56Z
Just Kids,Polaroid Summer,Just Kids,2019-03-16T19:26:29Z
Are You All Alone?,Lyrah,Chemicals,2019-03-13T23:36:55Z
Fireworks,Hazlett,Fireworks,2019-03-12T20:18:49Z
Rush,Ça,Indigo,2019-03-13T01:35:21Z
Rearview,Run River North,Rearview,2019-03-09T21:20:17Z
Forces,Small Hours,Forces,2019-03-10T19:25:06Z
Downtown,RUUMER,Downtown,2019-03-09T21:25:19Z
Losing My Mind,OYSTER KIDS,Losing My Mind,2019-03-08T22:20:34Z
Roller Coaster,RavenKis,Roller Coaster,2019-03-06T03:28:53Z
Up with the Sun,Lone Wild,Up with the Sun,2019-03-01T22:41:20Z
Proverbial Ice,Henry Hall,"Questions, Comments, Concerns",2019-02-28T19:20:26Z
Can't Stop Us,Lévie,Can't Stop Us,2019-03-01T20:24:51Z
Back,Archi & Pelago,Back,2019-02-24T19:36:57Z
Shy,M.R.I. TICO,Shy,2019-02-22T19:20:13Z
Jump In,Cathedrals,Jump In,2019-02-17T21:20:05Z
The Bird,SYML,The Bird,2019-02-16T23:11:26Z
Dream. Sleep.,Laveda,Dream. Sleep.,2019-02-17T18:18:45Z
Rippling,Cubbi,Rippling,2019-02-18T16:21:07Z
Falling Back,Mating Ritual,Falling Back,2019-02-17T21:14:32Z
Leave Me Cold,Freddie Future,Leave Me Cold,2019-02-16T18:52:11Z
Fraction,Haulm,Fraction,2019-02-12T00:31:35Z
Rage,PHIE,Rage,2019-02-12T00:10:36Z
Courtside,Gold Spectacles,Courtside,2019-02-11T18:13:39Z
Mr. Runaway,Muchacho,Mr. Runaway,2019-02-09T19:23:53Z
The Kids,Dog Trainer,The Kids/The End,2019-02-09T18:36:34Z
What You Saying?,Jarreau Vandal TĀLĀ,Anthology,2019-02-06T02:16:20Z
Awake in the Dark,Moods James Chatburn,Awake in the Dark,2019-02-03T00:24:56Z
The Two of Us,VOG Oliver Forest,The Two of Us,2019-02-03T17:44:20Z
Shoulder to Shoulder,WOLVES,Shoulder to Shoulder,2019-02-01T21:53:36Z
Adderall,EMM,Adderall,2019-01-31T21:58:48Z
What U Gonna Do 4 Luv,Baby FuzZ,What U Gonna Do 4 Luv,2019-01-29T21:05:35Z
Take Care of Me,Saw Tooth Wave,Take Care of Me,2019-01-27T23:49:18Z
Dizzy,Tim Atlas,Dizzy,2019-01-26T05:35:11Z
Answers,Light Wheel,See Through,2019-01-27T05:58:22Z
Told You So,Fiji,Told You So,2019-01-25T17:59:02Z
Manic Pixie Dream,Chloe Lilac,Manic Pixie Dream,2019-01-24T18:21:28Z
Dream Team,Ariel,Dream Team,2019-01-24T08:55:24Z
Sugarcoat,Kid Bloom,Sugarcoat,2019-01-23T18:23:23Z
I Don't Think We Have It,Future Jr.,I Don't Think We Have It,2019-01-23T20:29:23Z
LIKE A ROCKSTAR,Chase Atlantic,LIKE A ROCKSTAR,2019-01-20T23:35:50Z
Intimidated,talker,Intimidated,2019-01-20T17:56:43Z
Love Me Like You Used To,Savannah Sgro,Love Me Like You Used To,2019-01-19T20:52:53Z
Attraction,Seattic,Attraction,2019-01-17T21:49:06Z
Jealous,The New Division,Fader,2019-01-15T21:33:38Z
Moral Fibre,Gold Spectacles,Moral Fibre,2019-01-12T19:12:34Z
Just a Game,Cathedrals,Just a Game,2019-01-11T21:50:14Z
Karma Kamikaze,Gabe Lopez,God Bless the Queens,2019-01-10T20:55:48Z
SUCKER,Tyzo Bloom,SUCKER (feat. Gigi),2019-01-08T18:23:21Z
Sliding,Joey Base,Sliding,2019-01-04T20:03:40Z
Stranger Ways,Lone Wild,Stranger Ways,2019-01-04T21:09:17Z
White Kids,Maus Haus,High School / White Kids,2019-01-04T19:11:29Z
Catch Me If You Can,Kelsy Karter,Catch Me If You Can,2019-01-01T00:07:13Z
home ft. WALK THE MOON,morgxn WALK THE MOON,home ft. WALK THE MOON,2018-12-28T22:49:03Z
Breaking the Spell,CHERRIE LAUREL,"A Furnace, a Fire",2018-12-16T21:05:40Z
Bad Habit (Japanese Wallpaper Remix),Your Smith Japanese Wallpaper,Bad Habit (Japanese Wallpaper Remix),2018-12-14T20:31:24Z
MOONSTONE (feat. Elkkle & Akurei),Golden Vessel Elkkle Akurei,MOONSTONE (feat. Elkkle & Akurei),2018-12-10T20:20:42Z
Le long,Nosonic,L'excuse,2018-12-09T04:05:35Z
Corolla,Junior A,Corolla,2018-12-06T17:14:29Z
Role Model,daysormay,Role Model,2018-12-05T20:04:00Z
Surrogate,Dig Exotic,Act Three,2018-12-03T18:07:32Z
You're in My Headphones,Lupa J,You're in My Headphones,2018-12-02T17:43:19Z
Sweater Weather,Parks,Parks,2018-11-30T17:48:46Z
Warmth,ford. Sophie Meiers,(The) Evening,2018-11-27T19:16:26Z
Murder,DOPICO,Murder,2018-11-26T06:07:06Z
Nervous Breakdown,Girl Wilde,Nervous Breakdown,2018-11-26T06:07:06Z
Phobia,Savannah Sgro,Phobia,2018-11-26T06:07:06Z
Be Here Now,Molly Moore,Be Here Now,2018-11-26T06:07:06Z
Know Love,RKCB,Know Love,2018-11-26T06:07:06Z
Bliss (Dancing After Midnight),Lyd,Bliss (Dancing After Midnight),2018-11-26T06:07:06Z
Numb,Stella Smyth,Numb,2018-11-26T06:07:06Z
Speak,PINES,Speak,2018-11-26T06:07:06Z
Act Like You Know Me,Joey Base Frank Arens,Act Like You Know Me,2018-11-26T06:07:06Z
Take a While,Looner Speech,Take a While,2018-11-26T06:07:06Z
Chills,Mickey Valen Joey Myron,Chills,2018-11-26T06:07:06Z
Somewhere New,Caezar,Somewhere New,2018-11-26T06:07:06Z
Candles,Lone Kodiak,Pt. I,2018-11-26T06:07:06Z
someday is not tonight,LACES,someday is not tonight,2018-11-26T06:07:06Z
NoNoh,ORKID,NoNoh,2018-11-26T06:07:06Z
Be Somebody,Phil Good,Be Somebody,2018-11-26T06:07:06Z
Long Hair,Moontower,Long Hair,2018-11-26T06:07:06Z
This Feeling (feat. Kelsea Ballerini),The Chainsmokers Kelsea Ballerini,Sick Boy...Beach House,2018-11-26T06:07:06Z
Puppet Strings,ALYA,Puppet Strings,2018-11-26T06:07:06Z
Brave New World,Kalandra,Brave New World,2018-11-26T06:07:06Z
Bitter Crown,Alex O'aiza,Bitter Crown,2018-11-26T06:07:06Z
The Heart,MOON,The Heart,2018-11-26T06:07:06Z
Lock Me Up,Common Kings Stephen Marley,One Day,2018-11-26T06:07:06Z
Crowned,Cautious Clay,RESONANCE,2018-11-26T06:07:06Z
This Crazy,Tanners,Tanners,2018-11-26T06:07:06Z
Loading Zones,Kurt Vile,Loading Zones,2018-11-26T06:07:06Z
Sometimes - Radio Edit,ASHRR,Sometimes (Radio Edit),2018-11-26T06:07:06Z
No Matter the Darkness,BLOOM,No Matter the Darkness,2018-11-26T06:07:06Z
On Your Mind,Leo Manzari,Clockwork,2018-11-26T06:07:06Z
Just Another Year,Tiaryn,Just Another Year,2018-11-26T06:07:06Z
Predator & Prey,Evelyn Drach,Predator & Prey,2018-11-26T06:07:06Z
Leaves,Fanclub,Leaves,2018-11-26T06:07:06Z
That's the Shit,Sasha Keable,That's the Shit,2018-11-26T06:07:06Z
Streetlight Kids,Friends At The Falls,Streetlight Kids,2018-11-26T06:07:06Z
Broke,Samm Henshaw,Broke,2018-11-26T06:07:06Z
Nerve,Brandon Prinzing & the Old Revival,Nerve,2018-11-26T06:07:06Z
Wine,Sam Setton,Wine,2018-11-26T06:07:06Z
Giving It Up,WESLEE,9F,2018-11-26T06:07:06Z
Deep Burn Blue,The Paper Kites,On the Corner Where You Live,2018-11-26T06:07:06Z
Rescue Me,Johan Danno,Rescue Me,2018-11-26T06:07:06Z
Disturbing the Peace,ARLO,Disturbing the Peace,2018-11-26T06:07:06Z
Do You Wanna,SIFxSKAE,Do You Wanna,2018-11-26T06:07:06Z
Rabbit Hole,Vilde,Thud,2018-11-26T06:07:06Z
Deney Terrio,Fullee Love,Deney Terrio,2018-11-26T06:07:06Z
Like Summer - Edit,Kyan,Like Summer / Nothing Beyond,2018-11-26T06:07:06Z
Love in Color,The Roosevelts,Love in Color,2018-11-26T06:07:06Z
Interstellar (feat. Sara Skinner),ATLiens Sara Skinner,Interstellar,2018-11-26T06:07:06Z
Figle Zuchwałe,Blauka,Figle Zuchwałe,2018-11-26T06:07:06Z
Behave,Cathedrals,Behave,2018-11-26T06:07:06Z
Messed up Love,Owen Gallagher,Messed up Love,2018-11-26T06:07:06Z
Misery Has Everything,Nick Di Gregorio,Misery Has Everything,2018-11-26T06:07:06Z
Stranded Love,Hamzaa,Stranded Love,2018-11-26T06:07:06Z
Upon The Shoulders,Kitchenette,Upon The Shoulders,2018-11-26T06:07:06Z
Ariana,After The Mountain,Ariana,2018-11-26T06:07:06Z
I Belong (Magnify Remix),Rikke Normann Magnify,I Belong (Remixes),2018-11-26T06:07:06Z
Sos,Pho Queue,Sweet,2018-11-26T06:07:06Z
Rocket Love,Golan Island Chain,Rocket Love,2018-11-26T06:07:06Z
Words Become Useless,LUI HILL,Words Become Useless,2018-11-26T06:07:06Z
Tethered,Christian Gibson Slow Shiver,Tethered,2018-11-26T06:07:06Z
Who Run It,Clyde Kelly,Who Run It,2018-11-26T06:07:06Z
Follow the Light,The River South,Follow the Light,2018-11-26T06:07:06Z
F.W.T.B.,YONAKA,F.W.T.B.,2018-11-26T06:07:06Z
Laundry Room / Caesura,The Nova Darlings,Laundry Room / Caesura,2018-11-26T06:07:06Z
We Light Fire,Julia Deans,We Light Fire,2018-11-26T06:07:06Z
Fall on Me,William.,Fall on Me,2018-11-26T06:07:06Z
I Should Know Better,Aubrey Haddard,I Should Know Better,2018-11-26T06:07:06Z
Like Crazy,Matt DiMona,Like Crazy,2018-11-26T06:07:06Z
Empire,"Speak, Brother",Young and Brave,2018-11-26T06:07:06Z
Hole In My Heart,Secrecies,Hole In My Heart,2018-11-26T06:07:06Z
Desire,Grei,Desire,2018-11-26T06:07:06Z
Distant,Ariza,Distant,2018-11-26T06:07:06Z
Cool City,Cary Brothers,Cool City,2018-11-26T06:07:06Z
Keep It Runnin',Nathan Owen,Keep It Runnin',2018-11-26T06:07:06Z
Its Not Me Its You,Alaena,Its Not Me Its You,2018-11-26T06:07:06Z
The Joke,Brandi Carlile,The Joke,2018-11-26T06:07:06Z
The One That Makes You Happy,Joe Firstman,El Porto,2018-11-26T06:07:06Z
Who Else Could I Be,Peter Bradley Adams,A Face Like Mine,2018-11-26T06:07:06Z
Love No Limit (For Lisa),Ernie Halter,Acoustic Throwback - Nineties Rhythm and Blues,2018-11-26T06:07:06Z
Michigan,The Milk Carton Kids,Prologue,2018-11-26T06:07:06Z
The Village,Wrabel,The Village,2018-11-26T06:07:06Z
Compass,Alana Sweetwater,Compass,2018-11-26T06:07:06Z
Heart With No Companion,Ron Sexsmith,Ron Sexsmith,2018-11-26T06:07:06Z
All On My Mind - Recorded at Sound Stage Nashville,Anderson East,Spotify Singles,2018-11-26T06:07:06Z
If I Dare - from Battle of the Sexes,Sara Bareilles,If I Dare (from Battle of the Sexes),2018-11-26T06:07:06Z
Black Crow,Ladies Gun Club,Take My Love Away,2018-11-26T06:07:06Z
Bag of Bones - Fan Version,ZZ Ward,Bag of Bones (Fan Version),2018-11-26T06:07:06Z
Funeral,Phoebe Bridgers,Stranger in the Alps,2018-11-26T06:07:06Z
Meet Me in N.Y.,Joe Purdy,Eagle Rock Fire,2018-11-26T06:07:06Z
Take Back Home Girl (feat. Tori Kelly),Chris Lane Tori Kelly,Laps Around The Sun,2018-11-26T06:07:06Z
Supernova,Ray LaMontagne,Supernova,2018-11-26T06:07:06Z
"Quizás, Quizás, Quizás",Gaby Moreno,Postales,2018-11-26T06:07:06Z
Hell or High Water,The Rescues,The Rescues,2018-11-26T06:07:06Z
Midnight Hour,Jamestown Revival,The Education Of A Wandering Man,2018-11-26T06:07:06Z
Baby It’s You,Haley Reinhart,What's That Sound?,2018-11-26T06:07:06Z
Let's Make Out,Casey Abrams,Let's Make Out,2018-11-26T06:07:06Z
Leather Jacket,Jesse Thomas,Burn the Boats,2018-11-26T06:07:06Z
Slow Going,Jackie Tohn,2.YO,2018-11-26T06:07:06Z
Paper Planes,Alexander Jean,High Enough,2018-11-26T06:07:06Z
Meant To Be - 2007 Acoustic Version,Melissa Polinar,Sound Vault Sessions,2018-11-26T06:07:06Z
Quick Fix,Sam Morrow,Concrete and Mud,2018-11-26T06:07:06Z
Paint a Picture,Tony Lucca,Tony Lucca,2018-11-26T06:07:06Z
One Way to Go,Shoshana Bean,One Way to Go,2018-11-26T06:07:06Z
Anybody Else (Win and Woo Remix),JP Saxe Win and Woo,Anybody Else (Win and Woo Remix),2018-11-26T06:07:06Z
Save Yourself,Greg Holden,Chase The Sun,2018-11-26T06:07:06Z
New York Graffiti,Katie Costello,Twice the Love,2018-11-26T06:07:06Z
Use Somebody - Armin van Buuren Rework Edit,Laura Jansen,Armada Weekly 2011 - 49 (This Week's New Single Releases),2018-11-26T06:07:06Z
Coldplay,David Ryan Harris,Songs for Other People,2018-11-26T06:07:06Z
Good Ol' Roy,Zane Carney,Amalgam,2018-11-26T06:07:06Z